query_id,customer_text,gold_intent,predicted_intent,intent_match,intent_confidence,retrieval_top1_score,retrieval_mean_score,grounding_status,generation_score,unsupported_claim_risk,final_decision,decision_confidence,reason_codes,total_risk_score
software_issue_000,@AppleSupport I tried the itunes one but i got an error while downloading the up,software_issue,software_issue,True,0.5797163417134747,0.3686904681502019,0.3983222085860796,supported,2.885812018337596,0.03428116548031378,AUTO_HANDLE,0.9,weak_retrieval,0.10857029137007845
software_issue_001,@AppleSupport It sucks when wifi turns itself on without asking me when i can bu,software_issue,software_issue,True,0.8054479459433888,0.5726411636099605,0.4382285885398017,partially_supported,3.7862294237523,0.2878309836205255,AUTO_HANDLE,0.9,"grounding_risk,unsupported_claims",0.12195774590513138
software_issue_002,"@115858 I recently updated to 11.1.1, and I still have the bug. HELP PLEASE!",software_issue,software_issue,True,0.69563497407127,0.8564232145481326,0.7893233880269163,supported,3.784926398294134,0.23742557293536506,AUTO_HANDLE,0.9,unsupported_claims,0.059356393233841266
software_issue_003,@115858 Newest High Whatever Update made 2 of my iMacs crash. This totally sucks,software_issue,software_issue,True,0.766044876107189,0.47740534666755086,0.3740914230639785,partially_supported,4.989763565168455,0.0148635508970398,AUTO_HANDLE,0.9,"weak_retrieval,grounding_risk",0.15371588772425998
software_issue_004,@AppleSupport Hey guys. my 6s iphone crashed for the second time even when updat,software_issue,software_issue,True,0.6484916577441889,0.5271829754532602,0.40123053149341453,supported,4.308285243401279,0.04404927699456785,AUTO_HANDLE,0.9,none,0.011012319248641963
software_issue_005,"@AppleSupport
Kindly help me my iPad Air2 updated to IOS 11.1.1 and suddenly fre",software_issue,software_issue,True,0.5372217344000928,0.9408781230740809,0.8683879544470553,supported,3.2637664007707308,0.2901834636256244,AUTO_HANDLE,0.9,unsupported_claims,0.0725458659064061
software_issue_006,"Has @AppleSupport fixed the iOS 11 bug with the word ""l"" yet?",software_issue,software_issue,True,0.8165447382805275,0.8313603164719849,0.5466518133618586,supported,4.5955586083117534,0.23200530971239688,AUTO_HANDLE,0.9,unsupported_claims,0.05800132742809922
software_issue_007,Convinced @115858 iOS updates last two rounds were to initiate glitches in phone,software_issue,software_issue,True,0.5983186491917696,0.5452822055735178,0.5061213732339123,insufficient,3.3096342919816886,0.04766398817420586,AUTO_HANDLE,0.9,grounding_risk,0.13691599704355145
software_issue_008,I thought iOS 11.1.1 was supposed to fix the “I” bug? @AppleSupport @115858 http,software_issue,software_issue,True,0.879413885551835,0.753318739145519,0.5422320584732948,supported,4.537601860874268,0.12414111971523088,AUTO_HANDLE,0.9,none,0.03103527992880772
software_issue_009,@AppleSupport I have a iphone 6s and an iOS 11 and my phone keep crashing i have,software_issue,software_issue,True,0.7293853252343416,0.8095275986425657,0.6272488157983233,partially_supported,2.720134858330333,0.18993634499861528,AUTO_HANDLE,0.9,grounding_risk,0.09748408624965382
software_issue_010,@AppleSupport tried updating to High Sierra on my MacBook Pro and it had this er,software_issue,software_issue,True,0.7583336071975388,0.813956043754943,0.5674297123798081,partially_supported,3.3166854025671695,0.04536570462973033,AUTO_HANDLE,0.9,grounding_risk,0.061341426157432585
software_issue_011,@AppleSupport  somehow with you three updates in the past month you have now man,software_issue,software_issue,True,0.653570731436242,0.7157844675204796,0.5754704130202032,partially_supported,3.8674753456953814,0.13378210503801224,AUTO_HANDLE,0.9,grounding_risk,0.08344552625950306
software_issue_012,@115858 ...can we please update this iOS and get of the annoying “I” error. It’s,software_issue,software_issue,True,0.6773004711143045,0.7391075659547375,0.5242292071159436,partially_supported,3.6383910644325304,0.28695186948148166,AUTO_HANDLE,0.9,"grounding_risk,unsupported_claims",0.12173796737037042
software_issue_013,@115858 iOS 11.1.2 is extremely buggy and I’m about to twist my iPhone into two ,software_issue,software_issue,True,0.8202265374840948,0.4039160779051969,0.40022054003647556,supported,3.2344435112998644,0.0026758438272161066,AUTO_HANDLE,0.9,weak_retrieval,0.10066896095680403
software_issue_014,Ever since i updated to the latest ios my ipad constantly crashes :( and i hate ,software_issue,software_issue,True,0.926924387204419,0.7014503934506151,0.4815881046570891,supported,4.12624866695975,0.2844225466758539,AUTO_HANDLE,0.9,unsupported_claims,0.07110563666896348
software_issue_015,"ever since i updated my iPhone 6 to iOS 11, my phone has been freezing at least ",software_issue,software_issue,True,0.5185622091491837,0.5268343830974884,0.5668292286792127,supported,2.50416115631041,0.027693282853522905,AUTO_HANDLE,0.9,none,0.006923320713380726
software_issue_016,"@AppleSupport Thanks! Yes, I am fully updated. My phone freezes a lot when using",software_issue,software_issue,True,0.6808703576066035,0.5776027884839924,0.4516986328876198,partially_supported,3.9354921928992908,0.2667354025993686,AUTO_HANDLE,0.9,"grounding_risk,unsupported_claims",0.11668385064984216
software_issue_017,@115858 @116333 iMessage crashing in iOS 11.1.1 @AppleSupport @11531 https://t.c,software_issue,software_issue,True,0.7031564483111657,0.8443863436477835,0.5989351042515372,partially_supported,3.3595797995002386,0.2959061926697119,AUTO_HANDLE,0.9,"grounding_risk,unsupported_claims",0.12397654816742798
software_issue_018,#iOS 11.1.2 is just buggy @115858 du release 11.2 soon...,software_issue,software_issue,True,0.9405493634371737,0.7468867347332167,0.6390486491494709,partially_supported,3.7859741333052765,0.2529874935857097,AUTO_HANDLE,0.9,"grounding_risk,unsupported_claims",0.11324687339642743
software_issue_019,Dear @115858 @AppleSupport why does my Bluetooth and WiFi automatically switches,software_issue,software_issue,True,0.537492110338016,0.8586232915884293,0.5869334012012333,insufficient,2.5017440516241596,0.06395130938743233,AUTO_HANDLE,0.9,grounding_risk,0.14098782734685808
software_issue_020,Hello @AppleSupport - your new iOS has crashed my brand new iPhone &amp; I can't,software_issue,software_issue,True,0.902088028646981,0.48678323369348553,0.45038044028752333,partially_supported,2.915774408608986,0.26820327604323024,ASSIST_AND_ESCALATE,0.7,"weak_retrieval,grounding_risk,unsupported_claims",0.21705081901080758
software_issue_021,@AppleSupport the a[?] bug is in iMessage for MacOS High Sierra as well. On the ,software_issue,software_issue,True,0.6203007917772042,0.7837137768968641,0.5485457335118638,partially_supported,4.8116561683284935,0.047353716386578856,AUTO_HANDLE,0.9,grounding_risk,0.06183842909664472
software_issue_022,@AppleSupport even after enabling mobile data getting below error.. occurring af,software_issue,software_issue,True,0.6536933156872956,0.43639367284737324,0.3936401711492154,insufficient,3.754528231233987,0.021580524749049732,ASSIST_AND_ESCALATE,0.7,"weak_retrieval,grounding_risk",0.23039513118726243
software_issue_023,"@AppleSupport For 22 hours my phone finally unfreezed, to refreeze once again 🙄 ",software_issue,software_issue,True,0.6717655800406607,0.60030436366722,0.49395395369254763,partially_supported,4.24445718192306,0.09930479317930528,AUTO_HANDLE,0.9,grounding_risk,0.07482619829482633
software_issue_024,@AppleSupport trying to install new OS High Sierra on MacBook Pro. Won't allow m,software_issue,software_issue,True,0.5294596693165263,0.880568221990054,0.6237425334428962,supported,4.221450122154292,0.262981465247445,AUTO_HANDLE,0.9,unsupported_claims,0.06574536631186124
app_issue_000,"my messages app keeps crashing, wtf @115858",app_issue,app_issue,True,0.9059747158973575,0.44600661062031655,0.39654069671692715,supported,4.578645632562601,0.19156943296697215,AUTO_HANDLE,0.9,weak_retrieval,0.14789235824174304
app_issue_001,@AppleSupport I have tried both connected to the WiFi and not. Attempting via iM,app_issue,app_issue,True,0.8568204716213774,0.6570923627985946,0.6827699129185661,partially_supported,3.0334073095096294,0.27309470354448506,AUTO_HANDLE,0.9,"grounding_risk,unsupported_claims",0.11827367588612127
app_issue_002,I️ have to write my text messages on my notes and copy and paste it to send it b,app_issue,app_issue,True,0.9275921548305702,0.5121417403963175,0.45481526159041064,supported,3.667682066740753,0.13612432469591382,AUTO_HANDLE,0.9,none,0.034031081173978454
app_issue_003,iOS 11.1.1 is absolute garbage! Phone (7plus) kept crashing when i tried to open,app_issue,app_issue,True,0.9074824245281534,0.8230314759817794,0.7004400568211571,partially_supported,3.549367277987119,0.294341635359183,AUTO_HANDLE,0.9,"grounding_risk,unsupported_claims",0.12358540883979575
app_issue_004,@AppleSupport Haven’t seen error messages yet but my phone does show some seriou,app_issue,app_issue,True,0.521657783065045,0.7626942943056596,0.505225482167428,supported,3.7930815056694085,0.11000678650069329,AUTO_HANDLE,0.9,none,0.027501696625173322
app_issue_005,@AppleSupport Hey Apple do you realize my gmail app crashes every 2 seconds on m,app_issue,app_issue,True,0.8833981493861258,0.7878694077310648,0.6584558336119384,supported,4.038600105470858,0.23305628530198855,AUTO_HANDLE,0.9,unsupported_claims,0.05826407132549714
app_issue_006,@AppleSupport The beautiful #iOS11 App Store... all jumbled up on an #iPhone7. #,app_issue,app_issue,True,0.7596778254796124,0.9357033784813379,0.7256721189700727,supported,3.1409839942405937,0.182506458753442,AUTO_HANDLE,0.9,none,0.0456266146883605
app_issue_007,Thanks iOS 11. I zoomed in an emails &amp; it went blank. Nothing. Not even quit,app_issue,app_issue,True,0.5929213198510556,0.42115018728114473,0.46164179685687107,partially_supported,2.6480874071520777,0.1170828482252182,AUTO_HANDLE,0.9,"weak_retrieval,grounding_risk",0.17927071205630457
app_issue_008,@AppleSupport With the new update my phone goes from 100% battery to 10% just by,app_issue,app_issue,True,0.8905871496265825,0.675170098891559,0.5106388394127851,partially_supported,3.0322847435402114,0.24528383693264652,AUTO_HANDLE,0.9,"grounding_risk,unsupported_claims",0.11132095923316163
app_issue_009,Can someone please tell me how to put my #iPhone photos BACK in chronological or,app_issue,app_issue,True,0.5157484968249862,0.37680184889969043,0.42989797695426324,partially_supported,2.631484799716396,0.22911126152909042,ASSIST_AND_ESCALATE,0.7,"weak_retrieval,grounding_risk,unsupported_claims",0.20727781538227263
app_issue_010,"@115858 @AppleSupport since updating my Mac, photoshop constantly crashes, any i",app_issue,app_issue,True,0.7190733006098651,0.9143440339383917,0.7263097040861418,supported,4.702217087142493,0.08334494560653884,AUTO_HANDLE,0.9,none,0.02083623640163471
app_issue_011,@AppleSupport PC and I’m attempting to back it up and sync like I usually do onc,app_issue,app_issue,True,0.6737413012948454,0.6734960758677143,0.6639621079645082,partially_supported,4.821463781524987,0.2987792915377521,AUTO_HANDLE,0.9,"grounding_risk,unsupported_claims",0.12469482288443803
app_issue_012,@115858 @AppleSupport please.... iMessage keeps crashing and deleting my longer ,app_issue,app_issue,True,0.6622903132828342,0.4757725774971895,0.39618700702901477,supported,3.412321266924265,0.23980479820956266,AUTO_HANDLE,0.9,"weak_retrieval,unsupported_claims",0.15995119955239068
app_issue_013,iOS Safari doesn't block auto playing videos if my phone is connected to Apple T,app_issue,app_issue,True,0.5989568525679774,0.9176813713119916,0.6779769226131119,supported,2.7534273290203766,0.07801183870301617,AUTO_HANDLE,0.9,none,0.019502959675754043
app_issue_014,@AppleSupport two Macs now #MacMailCrashing under #highsierra - 12x daily - cont,app_issue,app_issue,True,0.6270154450924686,0.49713919564849535,0.4647362299570754,supported,4.490107815879116,0.29684388868127104,AUTO_HANDLE,0.9,"weak_retrieval,unsupported_claims",0.17421097217031778
app_issue_015,"Thank you, @AppleSupport @115858 for helping me fail my class by this awful emai",app_issue,app_issue,True,0.7137142523037401,0.7161318755727943,0.40081400621475827,supported,3.1414348085507724,0.07891224614918128,AUTO_HANDLE,0.9,none,0.01972806153729532
app_issue_016,@AppleSupport just got my iPhone X. Messages crashes every time I open it. No so,app_issue,app_issue,True,0.9464078534583924,0.43542591903942335,0.43100213071181864,insufficient,2.9320297700723734,0.19572148720210783,ASSIST_AND_ESCALATE,0.7,"weak_retrieval,grounding_risk",0.273930371800527
app_issue_017,.@115858 why are my messages sending as a text SIX times but also telling me “me,app_issue,app_issue,True,0.6529614918838139,0.3818760040903025,0.4447050620386883,supported,4.3038319875003275,0.12747007631440263,AUTO_HANDLE,0.9,weak_retrieval,0.13186751907860067
app_issue_018,@115858 @AppleSupport my #HaloGames from @115890 #HaloSA and #HaloSS are crashin,app_issue,app_issue,True,0.6947859500719598,0.5093071072863213,0.43562585086637773,supported,3.2556061391428264,0.17244333861007233,AUTO_HANDLE,0.9,none,0.04311083465251808
app_issue_019,My phone is still practically new. It should not be having these issues. Crashin,app_issue,app_issue,True,0.9416456572986209,0.7141694387924651,0.7085965858532468,supported,3.344877337734604,0.21336219589327535,AUTO_HANDLE,0.9,unsupported_claims,0.05334054897331884
app_issue_020,@AppleSupport Everytime I open my iMessages it freezes and automatically crashes,app_issue,app_issue,True,0.552200691496671,0.5727307120721263,0.5773576591264128,supported,3.164898625470996,0.05165513455911908,AUTO_HANDLE,0.9,none,0.01291378363977977
app_issue_021,yo @115858 maps has failed me for the last time smh I'm done,app_issue,app_issue,True,0.7930747085693142,0.6791091142687236,0.5055344024750675,insufficient,2.5939341900411987,0.016401438659695098,AUTO_HANDLE,0.9,grounding_risk,0.12910035966492378
app_issue_022,@AppleSupport I was able to log in. Now my apps are crashing/ not importing phot,app_issue,app_issue,True,0.7516462559642711,0.37595094564348236,0.35044797077337425,supported,4.231269301054152,0.21586792685842462,AUTO_HANDLE,0.9,"weak_retrieval,unsupported_claims",0.15396698171460615
app_issue_023,"IPhone 6s upgraded with latest iOS11, doesn’t let me open messages and most app ",app_issue,app_issue,True,0.8990630690238479,0.5012788663160299,0.4384959614092507,partially_supported,3.2098182051581605,0.038287171682028255,AUTO_HANDLE,0.9,grounding_risk,0.059571792920507065
app_issue_024,Does anyone else experience issues with the message app crashing when you’re typ,app_issue,app_issue,True,0.6748304487574949,0.5062148261021447,0.4945556315707349,supported,2.6041928064665414,0.09079736075971025,AUTO_HANDLE,0.9,none,0.02269934018992756
device_hardware_issue_000,@115858 I need a new phone i paid too much money for my phone to be doing all th,device_hardware_issue,device_hardware_issue,True,0.6300535392959036,0.9462083675851782,0.7199567976814804,supported,3.0397712595927993,0.19687591587802059,AUTO_HANDLE,0.9,none,0.049218978969505146
device_hardware_issue_001,"@AppleSupport Absolutely nothing happens, just stays in place and I must force c",device_hardware_issue,device_hardware_issue,True,0.8921866424675131,0.8631961539786379,0.6233821169226985,supported,4.5230837298798985,0.18776838942699006,AUTO_HANDLE,0.9,none,0.046942097356747516
device_hardware_issue_002,@115858 ever thought about making a stronger screen. Fallen out my pocket from l,device_hardware_issue,device_hardware_issue,True,0.5465985172090262,0.4725823076126672,0.3745745741344697,supported,4.123109906848988,0.13917004167268923,AUTO_HANDLE,0.9,weak_retrieval,0.1347925104181723
device_hardware_issue_003,@AppleSupport Even to the bottom right corner when I have no other apps on the s,device_hardware_issue,device_hardware_issue,True,0.6460501302324541,0.8192739073971607,0.551242787623966,partially_supported,2.580721039946721,0.262174500404014,AUTO_HANDLE,0.9,"grounding_risk,unsupported_claims",0.11554362510100351
device_hardware_issue_004,@AppleSupport iPhone 7plus. Right after I completed my payment for my Apple Musi,device_hardware_issue,device_hardware_issue,True,0.7772832329057104,0.45099888872083826,0.4779987499066798,supported,4.759771162843881,0.09709787946875373,AUTO_HANDLE,0.9,weak_retrieval,0.12427446986718843
device_hardware_issue_005,@AppleSupport My iPhone 7Plus does not support Apple Pay at any merchants. It ei,device_hardware_issue,device_hardware_issue,True,0.5817226683913292,0.9066981540025488,0.518603916078736,partially_supported,3.748381325745949,0.11794645160002568,AUTO_HANDLE,0.9,grounding_risk,0.07948661290000641
device_hardware_issue_006,@AppleSupport love the new iPhone X but I’m over my screen randomly not respondi,device_hardware_issue,device_hardware_issue,True,0.8096378946429053,0.37849652760169566,0.36497530981536963,supported,3.3836181912149654,0.17401740167829036,AUTO_HANDLE,0.9,weak_retrieval,0.1435043504195726
device_hardware_issue_007,"@115858 so I updated my phone two days ago and since then it’s been freezing, tu",device_hardware_issue,device_hardware_issue,True,0.6265089661949811,0.4652799042317294,0.46439577931239334,partially_supported,3.030650525286772,0.2850687867119598,ASSIST_AND_ESCALATE,0.7,"weak_retrieval,grounding_risk,unsupported_claims",0.22126719667798997
device_hardware_issue_008,@AppleSupport my iphone 8 keeps freezing on the home screen thinking im pressing,device_hardware_issue,device_hardware_issue,True,0.9479214841084372,0.3658071711802373,0.40421511872550586,supported,4.9906216408430915,0.035689205110667144,AUTO_HANDLE,0.9,weak_retrieval,0.10892230127766679
device_hardware_issue_009,This #bluescreenofdeath on the @115858 #MacBookPro is starting to really piss me,device_hardware_issue,device_hardware_issue,True,0.8231234687610723,0.40190233687454024,0.5051748624877916,supported,3.8498796927918053,0.07457111095473645,AUTO_HANDLE,0.9,weak_retrieval,0.11864277773868412
device_hardware_issue_010,@AppleSupport my screen keeps going black it’s the iPhone 7 help me now. 🙃,device_hardware_issue,device_hardware_issue,True,0.6641876090117401,0.7292357180173201,0.5971003832913848,supported,2.707834253752832,0.12665607702884044,AUTO_HANDLE,0.9,none,0.03166401925721011
device_hardware_issue_011,"Dear @AppleSupport! In iMovie for iOS, when I bring in a screen recording I made",device_hardware_issue,device_hardware_issue,True,0.6563653197490222,0.9345414630791555,0.5592972939609008,insufficient,3.075101285534525,0.03007865415640025,AUTO_HANDLE,0.9,grounding_risk,0.13251966353910005
device_hardware_issue_012,My #Mac is broken AGAIN 🤬🤬🤬 not one good experience with this machine!!! @AppleS,device_hardware_issue,device_hardware_issue,True,0.6918338829980183,0.4899952242537865,0.5873756681695599,supported,3.35549420506986,0.17612119074805768,AUTO_HANDLE,0.9,weak_retrieval,0.14403029768701442
device_hardware_issue_013,"@AppleSupport I’m in Australia and I’m calling the U.S. the phone rings, I see a",device_hardware_issue,device_hardware_issue,True,0.9001886381622946,0.9430858144286383,0.5594284344777603,supported,3.637017233574412,0.20419076303807612,AUTO_HANDLE,0.9,unsupported_claims,0.05104769075951903
device_hardware_issue_014,@AppleSupport Horrifically terrible customer svc. Issues unresolved and I can't ,device_hardware_issue,device_hardware_issue,True,0.751374054596353,0.3531833791040901,0.4551822812797098,supported,4.938073993583565,0.1938251234884833,AUTO_HANDLE,0.9,weak_retrieval,0.14845628087212082
device_hardware_issue_015,"@AppleSupport iPhone X, on the lock screen, camera and flashlight buttons are gr",device_hardware_issue,device_hardware_issue,True,0.8932333726302462,0.3832063823445248,0.3845336283302562,partially_supported,4.664536070869051,0.27318550565521693,ASSIST_AND_ESCALATE,0.7,"weak_retrieval,grounding_risk,unsupported_claims",0.21829637641380426
device_hardware_issue_016,@AppleSupport iOS 11.1.1 cause touch problem. It didnt response the right place ,device_hardware_issue,device_hardware_issue,True,0.9201087795120191,0.4731884924805294,0.3670796400150349,insufficient,4.921616363905054,0.08525479074348725,ASSIST_AND_ESCALATE,0.7,"weak_retrieval,grounding_risk",0.24631369768587183
device_hardware_issue_017,"@AppleSupport Up to date. Just new ones across most apps, looks fine on lock scr",device_hardware_issue,device_hardware_issue,True,0.6596589179345422,0.5520130912163037,0.38468346152663163,partially_supported,2.748474198991976,0.031157892648246296,AUTO_HANDLE,0.9,grounding_risk,0.05778947316206158
device_hardware_issue_018,@AppleSupport this isn’t normal.......it happens every time I️ go into full scre,device_hardware_issue,device_hardware_issue,True,0.8662845842920961,0.7689330196738211,0.6678510689935786,supported,4.524767921862982,0.10280639121830588,AUTO_HANDLE,0.9,none,0.02570159780457647
device_hardware_issue_019,"@AppleSupport WHY does my phone randomly black screen w/ the spinning wheel, the",device_hardware_issue,device_hardware_issue,True,0.897453621102513,0.8179455480649973,0.6804517794275612,partially_supported,4.645720086684548,0.07033754671730759,AUTO_HANDLE,0.9,grounding_risk,0.0675843866793269
device_hardware_issue_020,How do you screen shot on the x ? 🤨 @115858 help thanks,device_hardware_issue,device_hardware_issue,True,0.621190159942859,0.8927358074281488,0.6397390198359393,supported,3.6223578334684214,0.2331945589172875,AUTO_HANDLE,0.9,unsupported_claims,0.05829863972932187
device_hardware_issue_021,"dear @115858 can you please unfuck the current *i️ , i , I️ I situation... #brok",device_hardware_issue,device_hardware_issue,True,0.6867502437884861,0.772264271798151,0.5242882835412213,insufficient,3.019343682011284,0.11851786432553879,AUTO_HANDLE,0.9,grounding_risk,0.1546294660813847
device_hardware_issue_022,iphone x people - does anyone else’s screen not fit their phone?! look at the to,device_hardware_issue,device_hardware_issue,True,0.8712386074289081,0.6551756184621141,0.49492401497074207,supported,3.635624867689695,0.06216732953434464,AUTO_HANDLE,0.9,none,0.01554183238358616
device_hardware_issue_023,"Jesus Christ, @AppleSupport, 80 springboard soft crashes? I’m not jailbroken on ",device_hardware_issue,device_hardware_issue,True,0.5907199904509601,0.6646633109990794,0.5509023060241031,supported,4.017847316347389,0.26359029618739666,AUTO_HANDLE,0.9,unsupported_claims,0.06589757404684916
device_hardware_issue_024,"@AppleSupport It doesn’t happen in an app, only when I am on the home screen/swi",device_hardware_issue,device_hardware_issue,True,0.5886524588483031,0.5137078456182625,0.3824239408015062,insufficient,4.1744515410219325,0.013067307031279573,AUTO_HANDLE,0.9,grounding_risk,0.1282668267578199
performance_issue_000,I need answers!!! @115858 this update has turned my phone into an iPhone 1. Lags,performance_issue,performance_issue,True,0.8561638425385506,0.8655452831308308,0.5662638412254133,insufficient,4.9032065779744425,0.1742026903591087,AUTO_HANDLE,0.9,grounding_risk,0.16855067258977718
performance_issue_001,Hey @AppleSupport live photos are entertaining on my iPhone but I don't want all,performance_issue,performance_issue,True,0.8822839604663897,0.3819592197116623,0.3787004905951276,supported,3.369531052878906,0.09379261008558369,AUTO_HANDLE,0.9,weak_retrieval,0.12344815252139593
performance_issue_002,All I want for Christmas is for @115858 @AppleSupport to fix this battery draina,performance_issue,performance_issue,True,0.6391499699673157,0.3610408675648278,0.2994843424791374,insufficient,3.9164552030446593,0.09607841086989877,ASSIST_AND_ESCALATE,0.7,"weak_retrieval,grounding_risk",0.2490196027174747
performance_issue_003,@AppleSupport No errors. Spotlight search just shows no results. See attached ph,performance_issue,performance_issue,True,0.8435794723079162,0.4159606298576739,0.38415806276855796,partially_supported,2.8441338518592882,0.05008223652228265,AUTO_HANDLE,0.9,"weak_retrieval,grounding_risk",0.16252055913057067
performance_issue_004,@AppleSupport iPhone 6 doesn't hold the hardware capability of running the new i,performance_issue,performance_issue,True,0.7475661691023605,0.3986580783911541,0.4284323427500629,supported,4.2666233004143255,0.23765718254295243,AUTO_HANDLE,0.9,"weak_retrieval,unsupported_claims",0.1594142956357381
performance_issue_005,"iOS 11.1.1 messed up my phone, it keeps lagging and restarting 😤😤 @115858 @Apple",performance_issue,performance_issue,True,0.5649200688596951,0.4796975086584139,0.4643729318324316,supported,4.47693780436331,0.2272528723500209,AUTO_HANDLE,0.9,"weak_retrieval,unsupported_claims",0.15681321808750523
performance_issue_006,@115858 get your shit together. The new update is a nightmare. My phone is only ,performance_issue,performance_issue,True,0.5258002488080634,0.5216157840011004,0.36635082577820555,supported,2.8606947085758843,0.2538103541818484,AUTO_HANDLE,0.9,unsupported_claims,0.0634525885454621
performance_issue_007,@AppleSupport I updated to the new software update and it’s made my phone SO slo,performance_issue,performance_issue,True,0.5521403271364808,0.38197611635388323,0.4542313201545673,insufficient,4.868593160348052,0.08179978081574336,ASSIST_AND_ESCALATE,0.7,"weak_retrieval,grounding_risk",0.24544994520393584
performance_issue_008,@AppleSupport I'm downloading a video from https://t.co/ZhkUlTDVPp I shot yester,performance_issue,performance_issue,True,0.5213285456829957,0.7861707000140676,0.6910983268861114,supported,3.3043357408305782,0.13336547525108988,AUTO_HANDLE,0.9,none,0.03334136881277247
performance_issue_009,@AppleSupport We are both on iOS devices and both have allowed photos to be take,performance_issue,performance_issue,True,0.7915141629483042,0.8060067689196999,0.6636544247826137,supported,4.652117075073544,0.17278332259110524,AUTO_HANDLE,0.9,none,0.04319583064777631
performance_issue_010,Yet again I can’t get a single photo off my iCloud. Thanks @AppleSupport ☺️,performance_issue,performance_issue,True,0.7669317155949897,0.9399015072711439,0.5226510242256502,supported,3.4566417764957653,0.06796108713372248,AUTO_HANDLE,0.9,none,0.01699027178343062
performance_issue_011,@applesupport iPhone is abnormally slow after the upgrade,performance_issue,performance_issue,True,0.6925137969459652,0.38528704342428305,0.4442817388859721,supported,4.1796396500580215,0.029418340090789374,AUTO_HANDLE,0.9,weak_retrieval,0.10735458502269735
performance_issue_012,@AppleSupport My iphone 7plus battery drains so fast...i just bought it last feb,performance_issue,performance_issue,True,0.7386712187098169,0.42054786189922533,0.5074436901126348,partially_supported,3.6935583991971033,0.1613285327185561,AUTO_HANDLE,0.9,"weak_retrieval,grounding_risk",0.19033213317963904
performance_issue_013,Thanks @115858 i think the updates have made my phone slower...,performance_issue,performance_issue,True,0.6212635469362278,0.5199412503094354,0.3826503779805435,partially_supported,3.514957306805612,0.16476741275543463,AUTO_HANDLE,0.9,grounding_risk,0.09119185318885867
performance_issue_014,My phone battery draining from 80-30% in a span of MINUTES 😕. Fix it @115858,performance_issue,performance_issue,True,0.5279167028822089,0.881621248677414,0.6075646266400841,partially_supported,3.4476440348695765,0.08391483062031344,AUTO_HANDLE,0.9,grounding_risk,0.07097870765507835
performance_issue_015,@AppleSupport iPhone 8 Plus. Hewlett-Packard. But my photos are saved on iCloud ,performance_issue,performance_issue,True,0.5303242551074795,0.4406076663630704,0.4952161801267388,supported,4.947813541742814,0.021253214673824926,AUTO_HANDLE,0.9,weak_retrieval,0.10531330366845623
performance_issue_016,@AppleSupport I’ve been experiencing enormous lag in my iPhone 6 (16 GB) after u,performance_issue,performance_issue,True,0.5692364835755348,0.44947485796390835,0.5023589022391338,supported,4.036982205953235,0.040465652863425725,AUTO_HANDLE,0.9,weak_retrieval,0.11011641321585644
performance_issue_017,"When did @115858 phones start lagging?
iPhone SE started lagging after latest iO",performance_issue,performance_issue,True,0.7896344484557191,0.8902408374732561,0.6843524345691576,supported,4.6352310512489066,0.2922145090874045,AUTO_HANDLE,0.9,unsupported_claims,0.07305362727185112
performance_issue_018,@AppleSupport what does it mean when it optimises photos does it reduce the qual,performance_issue,performance_issue,True,0.7310841635111449,0.45952652772931046,0.3265518077427227,insufficient,2.5394772491154303,0.051017630842856175,ASSIST_AND_ESCALATE,0.7,"weak_retrieval,grounding_risk",0.23775440771071404
performance_issue_019,@AppleSupport I have to use my camera for work to send photos from events. The u,performance_issue,performance_issue,True,0.5250298032894762,0.3556844445359757,0.4593339565877547,supported,4.1266688558570355,0.12881103133390798,AUTO_HANDLE,0.9,weak_retrieval,0.132202757833477
performance_issue_020,Why is my iPhone battery draining so fast after this update that also broke the ,performance_issue,performance_issue,True,0.9212403589504614,0.8150174087519109,0.4990882320529623,partially_supported,3.1734860235194295,0.1662966544675327,AUTO_HANDLE,0.9,grounding_risk,0.09157416361688317
performance_issue_021,ok i restarted it and now my phone is burning hot? @115858 explain this,performance_issue,performance_issue,True,0.8964421089847638,0.8082257008801016,0.5164516136621798,supported,2.7466849421121875,0.1706238760152569,AUTO_HANDLE,0.9,none,0.04265596900381422
performance_issue_022,@AppleSupport my iPhone X has been restoring from back up for almost 36 hrs. I’v,performance_issue,performance_issue,True,0.6171929268566487,0.746516279614555,0.5802632679146418,supported,3.4231956017466114,0.25473701778039876,AUTO_HANDLE,0.9,unsupported_claims,0.06368425444509969
performance_issue_023,Ever since updating to @115858 STUPID IOS 11 my #iphone 6plus runs like Shit and,performance_issue,performance_issue,True,0.8073625566026931,0.3955367116641056,0.35275464419416264,supported,3.1659089066991175,0.1818187608586351,AUTO_HANDLE,0.9,weak_retrieval,0.1454546902146588
performance_issue_024,@AppleSupport running new ios very much slower then the previous on my iPhone 5s,performance_issue,performance_issue,True,0.5359244700537561,0.7851365205060856,0.7109188787551489,supported,2.9388881102371376,0.2066413637617059,AUTO_HANDLE,0.9,unsupported_claims,0.05166034094042647
account_signin_000,@115858 hello there called apple hotline and asked me to backup and erase my iph,account_signin,account_signin,True,0.6156575556004682,0.5614940993428666,0.4430231405555632,supported,4.150996780119446,0.13499161393702172,AUTO_HANDLE,0.9,none,0.03374790348425543
account_signin_001,"@AppleSupport windows 7 running google chrome,  I have tried ie 11 also,   IE is",account_signin,account_signin,True,0.7984268986380771,0.4807972548577719,0.3666454877337448,partially_supported,2.8835391311297878,0.004053361410372769,AUTO_HANDLE,0.9,"weak_retrieval,grounding_risk",0.15101334035259323
account_signin_002,@AppleSupport I put my id account and my password but doesn't work it's tell me ,account_signin,account_signin,True,0.6593076845136564,0.5226316129803793,0.5168068312815557,supported,3.1553702658940463,0.14333520217806023,AUTO_HANDLE,0.9,none,0.03583380054451506
account_signin_003,@AppleSupport my problem is that it says it wrong so I can't sign in to my Apple,account_signin,account_signin,True,0.8521031038790519,0.9069342739598547,0.5616766016372102,supported,2.8705043888344135,0.08457230159012043,AUTO_HANDLE,0.9,none,0.021143075397530107
account_signin_004,@AppleSupport @YahooCare unable to send yahoo emails from apple email. Every tim,account_signin,account_signin,True,0.516417616508827,0.842333748179219,0.6837868150175712,supported,2.989707325825109,0.24991444117969036,AUTO_HANDLE,0.9,unsupported_claims,0.06247861029492259
account_signin_005,@AppleSupport is icloud down? I can't login at https://t.co/AIlhhqAS1i on pc or ,account_signin,account_signin,True,0.5487350247642931,0.787111838671577,0.6907227266602073,supported,3.9727113647333336,0.026234977782232015,AUTO_HANDLE,0.9,none,0.006558744445558004
account_signin_006,@AppleSupport No error messages but the update/download button shows that it’s g,account_signin,account_signin,True,0.919988697640048,0.715891672885176,0.614202837697982,partially_supported,2.995701136382413,0.1613035536945342,AUTO_HANDLE,0.9,grounding_risk,0.09032588842363355
account_signin_007,@AppleSupport 11.1.1 update has made wifi nearly non-existent on my phone. Can't,account_signin,account_signin,True,0.7444977274730243,0.6027832521276016,0.523822107344881,supported,2.7841518463910617,0.1287354733620631,AUTO_HANDLE,0.9,none,0.03218386834051577
account_signin_008,@AppleSupport I can’t access my locked notes since upgrading to iPhone X. It’s a,account_signin,account_signin,True,0.600217886172638,0.7196020525921861,0.42796440829820376,partially_supported,4.737791991733187,0.20471327451679944,AUTO_HANDLE,0.9,"grounding_risk,unsupported_claims",0.10117831862919986
account_signin_009,"@AppleSupport I have MacBook Air, 10.12.6 and iPhone 5, apple ID __email__. IMes",account_signin,account_signin,True,0.6246225318897005,0.43276477835738875,0.3897624225320369,insufficient,3.836847675803097,0.12804647466723149,ASSIST_AND_ESCALATE,0.7,"weak_retrieval,grounding_risk",0.2570116186668079
account_signin_010,So iCloud just inexplicably locked up all of my photos @AppleSupport. Let’s disc,account_signin,account_signin,True,0.6159093091154785,0.6373440680971423,0.44386542746804675,partially_supported,3.7915451052043956,0.12924940590483125,AUTO_HANDLE,0.9,grounding_risk,0.08231235147620782
account_signin_011,@AppleSupport I can't see what iCloud drive is doing right now; I don't see netw,account_signin,account_signin,True,0.5760677252001702,0.5537776861700673,0.5535575126432083,insufficient,2.639203656951306,0.2521569556442758,AUTO_HANDLE,0.9,"grounding_risk,unsupported_claims",0.18803923891106894
account_signin_012,@AppleSupport how do I get iMessages to work on my MacBook Pro again? It won't l,account_signin,account_signin,True,0.7740744599681753,0.359773816758041,0.41813613447681836,supported,4.690265804520861,0.17606529224856077,AUTO_HANDLE,0.9,weak_retrieval,0.14401632306214018
account_signin_013,"@AppleSupport my phone updated itself, and the hello screen is on. i've tried my",account_signin,account_signin,True,0.6920339016120794,0.9015125450903132,0.8069798933212186,partially_supported,3.104729332188738,0.21705432937798655,AUTO_HANDLE,0.9,"grounding_risk,unsupported_claims",0.10426358234449665
account_signin_014,@AppleSupport Locked as in password locked with a 4 code.  She originally had a ,account_signin,account_signin,True,0.8323589519160306,0.8671878131656878,0.5425941578008441,partially_supported,4.926323401091742,0.024445980099404938,AUTO_HANDLE,0.9,grounding_risk,0.056111495024851236
account_signin_015,@AppleSupport My Apple ID it says it was locked for security reasons but it won’,account_signin,account_signin,True,0.8577283082508109,0.6094653187296368,0.4467038200951971,insufficient,3.1983448351696975,0.09015227640398861,AUTO_HANDLE,0.9,grounding_risk,0.14753806910099715
account_signin_016,When you suddenly can't sign into your #iCloud account &amp; @AppleSupport wants,account_signin,account_signin,True,0.7412812845465482,0.8198726585416749,0.7192412675780574,supported,2.520142121532418,0.13175015062383913,AUTO_HANDLE,0.9,none,0.03293753765595978
account_signin_017,"@AppleSupport hey guys, I’m unable to sign in to iCloud from any device, getting",account_signin,account_signin,True,0.6237907768495473,0.5831281145485181,0.5030425473414306,partially_supported,4.6943724344123945,0.13986711595420728,AUTO_HANDLE,0.9,grounding_risk,0.08496677898855182
account_signin_018,Can't remember my apple ID password. Request verification code to my phone.  Cod,account_signin,account_signin,True,0.6809816597453504,0.5857399740224487,0.552953778506536,supported,2.5074354836731647,0.0703682942628656,AUTO_HANDLE,0.9,none,0.0175920735657164
account_signin_019,"@AppleSupport A couple of days ago, iCloud account among other internet account ",account_signin,account_signin,True,0.9068871594682208,0.5642207493232525,0.45869018265199185,supported,2.8862251682422144,0.26121124139529656,AUTO_HANDLE,0.9,unsupported_claims,0.06530281034882414
account_signin_020,"@AppleSupport is AppStore down?
Not able to login and update apps in AppStore.it",account_signin,account_signin,True,0.8870222806726045,0.7998703999554557,0.5885576595456976,partially_supported,2.5142250807974618,0.046745483147302945,AUTO_HANDLE,0.9,grounding_risk,0.06168637078682574
account_signin_021,Phone been unusable allllll day on this spin wheel shit. It finally come back on,account_signin,account_signin,True,0.5307453933464629,0.3940509758343299,0.3562370714618801,insufficient,2.6752027897003887,0.21851523362285466,ASSIST_AND_ESCALATE,0.7,"weak_retrieval,grounding_risk,unsupported_claims",0.2796288084057137
account_signin_022,Can't sign in to iCloud lost all contacts on my phone. Not can I access my mail.,account_signin,account_signin,True,0.5101794232601579,0.8308493159753795,0.556228417151324,supported,2.955368272547324,0.12123676602847902,AUTO_HANDLE,0.9,none,0.030309191507119755
account_signin_023,@AppleSupport @115858 After installing MacOS High Sierra it won’t allow me to ac,account_signin,account_signin,True,0.7882886528615192,0.9166101849283463,0.5484092435107414,supported,3.690017878539582,0.2678999525165366,AUTO_HANDLE,0.9,unsupported_claims,0.06697498812913415
account_signin_024,@115858 how do I block a email address with iCloud? I understand adding a new ru,account_signin,account_signin,True,0.600695096849883,0.6906398745345255,0.5023571003786894,partially_supported,4.465342966895831,0.11195400276105694,AUTO_HANDLE,0.9,grounding_risk,0.07798850069026424
billing_payment_000,"@AppleSupport I took delivery of some #BeatsX on Monday 13/11/17, I’ve used them",billing_payment,billing_payment,True,0.5915318874874433,0.3978433858584783,0.4353803730355848,supported,4.365654950604516,0.0075652971236091155,AUTO_HANDLE,0.9,weak_retrieval,0.10189132428090228
billing_payment_001,@115858 @ tweet depuis son mac qu'elle vient de récupérer avec brio après plus d,billing_payment,billing_payment,True,0.7364474472434591,0.7801711488278238,0.5559291635086953,supported,3.2419109803996555,0.11368534255965311,AUTO_HANDLE,0.9,none,0.028421335639913278
billing_payment_002,Plz halp? My brand new iPhone 5 will not synch with my 2010 Macbook Pro when i p,billing_payment,billing_payment,True,0.6647800233828405,0.5198634630923245,0.5449084786760666,supported,3.0255510898178573,0.09931342385225646,AUTO_HANDLE,0.9,none,0.024828355963064114
billing_payment_003,"@AppleSupport brand new iPhone 8 has switched off by itself when I was sleeping,",billing_payment,billing_payment,True,0.5957719510414202,0.7690838751454951,0.46166119793159743,insufficient,3.908538402440631,0.27509735862874085,AUTO_HANDLE,0.9,"grounding_risk,unsupported_claims",0.1937743396571852
billing_payment_004,@AppleSupport I am being double charged for an iPhone I returned- was told to ca,billing_payment,billing_payment,True,0.5171809434857981,0.4500304643281458,0.5017457989616747,supported,4.103782893957638,0.25783954651706564,AUTO_HANDLE,0.9,"weak_retrieval,unsupported_claims",0.16445988662926642
billing_payment_005,"@115858 wants to charge over $1,000 for a phone but still can’t make durable cha",billing_payment,billing_payment,True,0.7992125390438263,0.6583116595827643,0.6599347118298678,insufficient,4.912772087296625,0.2612305805390676,AUTO_HANDLE,0.9,"grounding_risk,unsupported_claims",0.1903076451347669
billing_payment_006,@AppleSupport Can someone please let me know why my iphone 6+ starts messing abo,billing_payment,billing_payment,True,0.8770846033228512,0.7550043675993021,0.5635318194950513,supported,4.817861478563277,0.06242382002836688,AUTO_HANDLE,0.9,none,0.01560595500709172
billing_payment_007,my phone has been off the charger for 10 minutes and it still says it's charging,billing_payment,billing_payment,True,0.850557303391071,0.6476785326719826,0.458908649812588,supported,4.344946074767186,0.2991306536237212,AUTO_HANDLE,0.9,unsupported_claims,0.0747826634059303
billing_payment_008,@AppleSupport Yes and no error just up the top not charging and it dosent charge,billing_payment,billing_payment,True,0.8856194608808748,0.7537702422796143,0.6948297718452049,partially_supported,2.7494919049504856,0.29082773562025255,AUTO_HANDLE,0.9,"grounding_risk,unsupported_claims",0.12270693390506314
billing_payment_009,"@AppleSupport it freezes constantly, doesn’t hold a charge, the lock button work",billing_payment,billing_payment,True,0.795576458575227,0.5285300562538369,0.47899502938857424,supported,3.5603979352862165,0.016713142003324744,AUTO_HANDLE,0.9,none,0.004178285500831186
billing_payment_010,"@AppleSupport iPhone 7, IOS 11.1.2 and it drains very quickly, no battery life a",billing_payment,billing_payment,True,0.5237059757076927,0.6570968117679739,0.5584362838210853,supported,2.926751141315,0.09065264779641839,AUTO_HANDLE,0.9,none,0.022663161949104598
billing_payment_011,WHY DOES MY PHONE BATTERY DIE SO QUICK. I MIGHT AS WELL HAVE A LANDLINE CONSIDER,billing_payment,billing_payment,True,0.5116792677478706,0.4145101180207518,0.3454776782729803,supported,3.8488255249359034,0.07302748357885838,AUTO_HANDLE,0.9,weak_retrieval,0.1182568708947146
billing_payment_012,"@115858 3 à 4 recharges par jour pour mon iPhone ça commence à saouler, faites u",billing_payment,billing_payment,True,0.7022194276048844,0.8569968669391811,0.5152087528097065,partially_supported,4.202230214208709,0.10906713705402808,AUTO_HANDLE,0.9,grounding_risk,0.07726678426350703
billing_payment_013,@AppleSupport so what is the answer for this... charger worked perfectly the nig,billing_payment,billing_payment,True,0.9238869596852382,0.8743854132108259,0.7567681255671864,insufficient,2.8224999757319225,0.10103917428220759,AUTO_HANDLE,0.9,grounding_risk,0.15025979357055189
billing_payment_014,@AppleSupport is it normal for an apple charger to explode after only owning for,billing_payment,billing_payment,True,0.552390852437308,0.8464238791672756,0.7708595288192629,supported,4.348917351014294,0.18116958135303943,AUTO_HANDLE,0.9,none,0.04529239533825986
billing_payment_015,Dear @115858 please observe this screen recording. Initially my battery is showi,billing_payment,billing_payment,True,0.6227064582499815,0.6775275137189081,0.5344398960937191,insufficient,3.590473389523832,0.264590448697119,AUTO_HANDLE,0.9,"grounding_risk,unsupported_claims",0.19114761217427975
billing_payment_016,"Dear @115858 after the first #Ios11 update, my battery wasn’t happy, after the s",billing_payment,billing_payment,True,0.7436108272567086,0.8146244004752974,0.5870162528938939,supported,2.933830916016044,0.08189614071481947,AUTO_HANDLE,0.9,none,0.02047403517870487
billing_payment_017,So my iPhone dies within 45 minutes to an hour after being fully charged. I️ don,billing_payment,billing_payment,True,0.5621891631479103,0.4293051651848733,0.45968357260401077,supported,3.2804212226396317,0.06602341999684011,AUTO_HANDLE,0.9,weak_retrieval,0.11650585499921004
billing_payment_018,"I’m really impressed with the #iPhoneX battery 😱

2days and still haven’t charge",billing_payment,billing_payment,True,0.7399858041236242,0.3547206615618218,0.48717690098359984,insufficient,3.1291280753131194,0.19207154107306448,ASSIST_AND_ESCALATE,0.7,"weak_retrieval,grounding_risk",0.27301788526826615
billing_payment_019,@115858 there’s been a problem with my sisters iPhone 7 like it won’t turn on or,billing_payment,billing_payment,True,0.6215161053301954,0.8716018624293635,0.5779388751562278,supported,2.7781432286503764,0.2007919960499297,AUTO_HANDLE,0.9,unsupported_claims,0.050197999012482425
billing_payment_020,Hey @AppleSupport y’all are we ever gonna see a fix for the battery life after i,billing_payment,billing_payment,True,0.586669930609873,0.3589662001345509,0.4305260702991304,supported,3.456485405991574,0.008833290771705426,AUTO_HANDLE,0.9,weak_retrieval,0.10220832269292636
billing_payment_021,I know what you are trying to do @115858 and I am not going to buy a new phone!!,billing_payment,billing_payment,True,0.7589240817285589,0.7933952959669763,0.6767572874377477,supported,3.4702574205246117,0.03100706883424953,AUTO_HANDLE,0.9,none,0.007751767208562382
billing_payment_022,@AppleSupport I purchase something wrongly and i want to refund it how can i do ,billing_payment,billing_payment,True,0.8774128701317014,0.4827737640906481,0.5625734699998376,supported,3.1344224966724443,0.03651278230072739,AUTO_HANDLE,0.9,weak_retrieval,0.10912819557518186
billing_payment_023,@115948 @AppleSupport umm how do I cancel this family Apple Music subscription??,billing_payment,billing_payment,True,0.5421885681850224,0.4337441729434021,0.5238146454770712,supported,3.2346588053062626,0.28964127793513683,AUTO_HANDLE,0.9,"weak_retrieval,unsupported_claims",0.1724103194837842
billing_payment_024,"Dear @115858, my phone doesn’t last more than 30 minutes without a charger. Plea",billing_payment,billing_payment,True,0.5412522887880394,0.8851611168598751,0.7053914605848984,supported,3.235025268586083,0.022224657689009265,AUTO_HANDLE,0.9,none,0.005556164422252316
connectivity_000,@AppleSupport my iPhone X Bluetooth connection to my car and more importantly to,connectivity,connectivity,True,0.5815506670232226,0.6713352492448234,0.47689224615243736,supported,4.6114800978606745,0.08865042884075507,AUTO_HANDLE,0.9,none,0.022162607210188767
connectivity_001,@AppleSupport I have AirPods and the sound keeps dropping out if I’m in a busy p,connectivity,connectivity,True,0.5295051736618703,0.4574391507897727,0.45687192234161716,supported,2.9612757094828925,0.206538515879276,AUTO_HANDLE,0.9,"weak_retrieval,unsupported_claims",0.151634628969819
connectivity_002,@115858 i turned off the Bluetooth but the pencil didn't disconnect by itself as,connectivity,connectivity,True,0.560544598816416,0.39776289535913034,0.433520744612796,supported,4.284199280131247,0.21477425015612017,AUTO_HANDLE,0.9,"weak_retrieval,unsupported_claims",0.15369356253903005
connectivity_003,@AppleSupport It happens randomly when we are FaceTiming eachother. We can be in,connectivity,connectivity,True,0.7571011455614758,0.4861944368543182,0.5065384378451491,supported,3.3810109423917187,0.19077056402565892,AUTO_HANDLE,0.9,weak_retrieval,0.14769264100641474
connectivity_004,@115858 really miss being able to turn off wifi and bluetooth from the control c,connectivity,connectivity,True,0.6968444490120745,0.3564805167721073,0.3818997976383908,insufficient,4.0646953494764375,0.057472768893708344,ASSIST_AND_ESCALATE,0.7,"weak_retrieval,grounding_risk",0.2393681922234271
connectivity_005,"@AppleSupport No, see below. My Bluetooth is on but is not connecting with my Fi",connectivity,connectivity,True,0.6990094668008764,0.6042795478219916,0.5186547250832547,supported,4.823115519651304,0.05901403057392028,AUTO_HANDLE,0.9,none,0.01475350764348007
connectivity_006,@AppleSupport how do you completely turn off WiFi from control center. It only d,connectivity,connectivity,True,0.8803862557828128,0.9456758151881263,0.6323896060998044,supported,4.691497640845885,0.16190916896134797,AUTO_HANDLE,0.9,none,0.04047729224033699
connectivity_007,@AppleSupport I keep losing WiFi Just disconnects from my home network after a f,connectivity,connectivity,True,0.6417676991333343,0.5082976488146836,0.44122677382809905,supported,3.1726003591123106,0.04165476180086429,AUTO_HANDLE,0.9,none,0.010413690450216073
connectivity_008,@AppleSupport The iPad mini is getting disconnected from my home network which h,connectivity,connectivity,True,0.5213849392366788,0.870082096195547,0.7380613075836946,supported,4.760719675962282,0.18049662432351407,AUTO_HANDLE,0.9,none,0.04512415608087852
connectivity_009,@115858 @AppleSupport my IPhone 5's bluetooth is not working and I can't connect,connectivity,connectivity,True,0.5102256942283668,0.5092915427476843,0.44381003255309254,supported,3.392142933096142,0.08558841446416064,AUTO_HANDLE,0.9,none,0.02139710361604016
connectivity_010,"IOS 11.1 WIFI swithch is fake,close the WIFI Swithch,but iPhone Set WIFI button ",connectivity,connectivity,True,0.7112993538155665,0.6736007123858601,0.51473574150954,supported,4.295390873208125,0.09898347519579116,AUTO_HANDLE,0.9,none,0.02474586879894779
connectivity_011,@115858 when you send out the next update for IOS11 can you make it we can actua,connectivity,connectivity,True,0.6915306585421999,0.4710056614504248,0.45213658136782015,supported,2.7276636650772867,0.21420495916329294,AUTO_HANDLE,0.9,"weak_retrieval,unsupported_claims",0.15355123979082325
connectivity_012,@AppleSupport https://t.co/XGBPN7HSYO not working. Not able to login. Keep getti,connectivity,connectivity,True,0.5163797704641917,0.7890097473694222,0.533595651349099,supported,3.7561226409013466,0.11439263370047706,AUTO_HANDLE,0.9,none,0.028598158425119265
connectivity_013,@115858 Thanks for stuffing up my iPhone 7 Plus with your sh*tty iOS 11.1.1 upda,connectivity,connectivity,True,0.5099967799907422,0.40121514900695976,0.34330973817722005,supported,4.412942137824878,0.1763420177152354,AUTO_HANDLE,0.9,weak_retrieval,0.14408550442880885
connectivity_014,My favorite part about iOS 11 is how my phone disconnects from the internet ever,connectivity,connectivity,True,0.7794320656797415,0.508608179092727,0.5559533822233653,partially_supported,2.6277072588918533,0.18161648326968716,AUTO_HANDLE,0.9,grounding_risk,0.09540412081742179
connectivity_015,@AppleSupport my wifi is ok. my friend has s7 edge and its all perfect him for h,connectivity,connectivity,True,0.9374057486939547,0.8616261573026114,0.4856038495525201,supported,4.12588731533949,0.1652230789202704,AUTO_HANDLE,0.9,none,0.0413057697300676
connectivity_016,@AppleSupport This new update DISCONNECTS MY INTERNET,connectivity,connectivity,True,0.5553398871606698,0.725457356578741,0.46780885183959287,partially_supported,3.3461791213152896,0.12918822108365113,AUTO_HANDLE,0.9,grounding_risk,0.08229705527091279
connectivity_017,WiFi not connecting since new iOS update wtf! #apple #o2 @115858 @O2,connectivity,connectivity,True,0.7085208176152343,0.4367041940828235,0.42221868870044105,partially_supported,3.9732769031076733,0.16476407561922068,AUTO_HANDLE,0.9,"weak_retrieval,grounding_risk",0.1911910189048052
connectivity_018,Want to chat about how #iphonex is not connecting to Bluetooth  headphones @Appl,connectivity,connectivity,True,0.7870599119070576,0.7612901262495135,0.6597521365627155,partially_supported,3.6290217396302014,0.23037223975923968,AUTO_HANDLE,0.9,"grounding_risk,unsupported_claims",0.10759305993980992
connectivity_019,@AppleSupport Disconnecting from Bluetooth at random. But it’s only for split se,connectivity,connectivity,True,0.9080242601460902,0.5335018468117637,0.5647162218578207,supported,3.494234278339121,0.2578168397789053,AUTO_HANDLE,0.9,unsupported_claims,0.06445420994472632
connectivity_020,Can’t connect iphone personal hotspot  to my macbook? Help? I’ve tried to reset ,connectivity,connectivity,True,0.6752044194154495,0.7327176977390795,0.5375995376778798,insufficient,3.9694697641696193,0.08346282066619765,AUTO_HANDLE,0.9,grounding_risk,0.1458657051665494
connectivity_021,"@115858 since the High Sierra update, the wifi is connecting and disconnecting..",connectivity,connectivity,True,0.7408747406834628,0.9135369742643507,0.8451552811964375,supported,2.611558879660882,0.0997421985091432,AUTO_HANDLE,0.9,none,0.0249355496272858
connectivity_022,@115858 @AppleSupport #iPhone 8 out of box Wifi not working. Is there a real fix,connectivity,connectivity,True,0.5823496930680457,0.9048861680678117,0.7230988096589046,partially_supported,2.723425525434743,0.0814055938885899,AUTO_HANDLE,0.9,grounding_risk,0.07035139847214747
connectivity_023,@AppleSupport iOS 11.1.2 on iPhone 8 Plus: big #problems with #Bluetooth . It of,connectivity,connectivity,True,0.9044837423691474,0.43824645483132224,0.34811868170249277,supported,3.6808694656539176,0.29470518121692946,AUTO_HANDLE,0.9,"weak_retrieval,unsupported_claims",0.17367629530423237
connectivity_024,@AppleSupport After $1296.84!!! I opened my iPhone x; which doesn’t connect to a,connectivity,connectivity,True,0.6850515745415382,0.47913158336821926,0.4823445923709933,supported,3.3446747560613774,0.2461754838236421,AUTO_HANDLE,0.9,"weak_retrieval,unsupported_claims",0.16154387095591052
data_backup_000,@AppleSupport Contacts app on my MacBook is not working well to sync online and ,data_backup,data_backup,True,0.6099685730039877,0.48106238031459436,0.4278692614059305,supported,3.5507941965036345,0.15842926792489342,AUTO_HANDLE,0.9,weak_retrieval,0.13960731698122336
data_backup_001,"I heard that @115858’s latest OS update, High Sierra, made Time Machine malfunct",data_backup,data_backup,True,0.8623882859232321,0.4271530563505297,0.4565067427741856,insufficient,3.469288753055607,0.00690701341214961,ASSIST_AND_ESCALATE,0.7,"weak_retrieval,grounding_risk",0.2267267533530374
data_backup_002,"Thanks @115858 ...restored to iPhone X from iCloud backup, lost 2yrs worth of ph",data_backup,data_backup,True,0.7340216680469855,0.9263966618252985,0.7337581778167367,supported,3.508584199450409,0.07082515486020098,AUTO_HANDLE,0.9,none,0.017706288715050245
data_backup_003,@AppleSupport To whoever worked w/me last night setting up my new phone.Thanks f,data_backup,data_backup,True,0.9161250619076908,0.7659243241283102,0.4943807958694492,supported,2.6636842575732245,0.0513596520791621,AUTO_HANDLE,0.9,none,0.012839913019790525
data_backup_004,"So the other day when I plugged my iPhone into my laptop to put new music on it,",data_backup,data_backup,True,0.8975310113689219,0.38205159956643436,0.428018976741491,supported,2.7524045544960183,0.2979876626314808,AUTO_HANDLE,0.9,"weak_retrieval,unsupported_claims",0.1744969156578702
data_backup_005,@AppleSupport Apple Watch Series 2 and 4.1 - this isn’t the first time it’s happ,data_backup,data_backup,True,0.5086012744157538,0.636498417639199,0.49629352881240507,supported,2.7127152303112685,0.1542532815134775,AUTO_HANDLE,0.9,none,0.038563320378369376
data_backup_006,"Thanks @115858 @AppleSupport for the bad iPhone 8+ wouldn't backup to computer, ",data_backup,data_backup,True,0.7644456354021116,0.5793608802519163,0.4959428487382569,supported,4.309170374666303,0.04054862545087744,AUTO_HANDLE,0.9,none,0.01013715636271936
data_backup_007,@115858 I lost all of my data because of the new update 😭 why and who can I rest,data_backup,data_backup,True,0.6511281832770344,0.8492233167663087,0.7061400156860379,supported,4.384645795574797,0.13268830133653947,AUTO_HANDLE,0.9,none,0.03317207533413487
data_backup_008,@AppleSupport This happens within all apps. I have a backup. I did a factory res,data_backup,data_backup,True,0.9345000703775828,0.8979765343122926,0.810620111691916,supported,4.191033658259775,0.06634445674824253,AUTO_HANDLE,0.9,none,0.016586114187060633
data_backup_009,@115858 @AppleSupport Your latest update bricked my iPhone X.  When I try to res,data_backup,data_backup,True,0.566122524873681,0.5874667796553019,0.5931302067262981,supported,3.1910149949263893,0.07644636597382916,AUTO_HANDLE,0.9,none,0.01911159149345729
data_backup_010,Hey @AppleSupport my iPhone wouldn't boot. ITunes restore fails as it asks me to,data_backup,data_backup,True,0.8544599375780327,0.6137159680371981,0.45216366593365315,supported,4.562494645690524,0.18247274512402237,AUTO_HANDLE,0.9,none,0.04561818628100559
data_backup_011,@AppleSupport my iPhone 7 has disabled itself when I wasn't even using it &amp; ,data_backup,data_backup,True,0.5891801518795734,0.8630835392406376,0.6070905667118062,supported,4.600648483721708,0.27623076893230253,AUTO_HANDLE,0.9,unsupported_claims,0.06905769223307563
data_backup_012,@AppleSupport ok lads can you please tell me why when I tried to update to ios 1,data_backup,data_backup,True,0.6138148837896911,0.7772355865562548,0.46453493177162075,partially_supported,4.924945942557322,0.054418531662572885,AUTO_HANDLE,0.9,grounding_risk,0.06360463291564322
data_backup_013,Did the latest update and lost EVERY photo. I guess those backups are pointless ,data_backup,data_backup,True,0.5238071881570994,0.7625422600620031,0.5734132083384801,supported,2.832526860832446,0.09612997273133114,AUTO_HANDLE,0.9,none,0.024032493182832786
data_backup_014,"@AppleSupport Yes, restored as new from the phone (not itunes). I can't get a co",data_backup,data_backup,True,0.8311288963440246,0.7215179665232012,0.5873297031108562,supported,4.5532234679539565,0.09642380657549775,AUTO_HANDLE,0.9,none,0.024105951643874437
data_backup_015,"@AppleSupport It’s the only one. And also, @123196 app often fails to sync my in",data_backup,data_backup,True,0.9260203121450739,0.8883987562673878,0.6365896434176604,partially_supported,4.544563172994829,0.013152783590410022,AUTO_HANDLE,0.9,grounding_risk,0.05328819589760251
data_backup_016,@AppleSupport tried to update my iPhone 6S to iOS 11.1.2 today and it has comple,data_backup,data_backup,True,0.5994147069704566,0.6005937571648492,0.6218690505026289,partially_supported,2.9499122840620755,0.18796648854573972,AUTO_HANDLE,0.9,grounding_risk,0.09699162213643493
data_backup_017,spent the last 2-3 weeks resetting my #iphone7 5 times daily to stop apps from #,data_backup,data_backup,True,0.8916987617715446,0.8599437100346665,0.6911268487233265,supported,3.1689454001866775,0.200300782771368,AUTO_HANDLE,0.9,unsupported_claims,0.050075195692842
data_backup_018,"@AppleSupport New ipod, trying to import my library but itunes won't sync or log",data_backup,data_backup,True,0.8128008535893315,0.9218707756534117,0.5345905735888484,insufficient,3.5120565527450975,0.18044686637121055,AUTO_HANDLE,0.9,grounding_risk,0.17011171659280264
data_backup_019,"@AppleSupport  new update just ""bricked"" my phone.  Won't update, wont restore! ",data_backup,data_backup,True,0.646463746371112,0.4058582543155611,0.5196726757957232,supported,4.708273707299606,0.11634460477891374,AUTO_HANDLE,0.9,weak_retrieval,0.12908615119472844
data_backup_020,.@AppleSupport my phone automatically installed an update last night and it won',data_backup,data_backup,True,0.7411471910050574,0.518062942870568,0.4233726900250863,supported,4.73065382161254,0.12845287029198965,AUTO_HANDLE,0.9,none,0.03211321757299741
data_backup_021,Every time I attempt to update my phone it takes HOURS... something happens lead,data_backup,data_backup,True,0.9241068582908141,0.625757789038673,0.4628379046292416,supported,4.9776169161257275,0.2337488982993389,AUTO_HANDLE,0.9,unsupported_claims,0.058437224574834724
data_backup_022,Spent 5 hours backing up &amp; trying to restore my new iPhone - it won't work. ,data_backup,data_backup,True,0.9111794390729262,0.5115245035827065,0.5648090958378099,supported,4.649648600028204,0.26486729689231525,AUTO_HANDLE,0.9,unsupported_claims,0.06621682422307881
data_backup_023,@AppleSupport The results weren’t good because I lost all my data and i had to r,data_backup,data_backup,True,0.6012978127405059,0.38406411284194086,0.4202611874071837,supported,3.7479197603701335,0.07560339457471006,AUTO_HANDLE,0.9,weak_retrieval,0.11890084864367752
complaint_feedback_000,Day 70 something of apples terrible freezing IOS11 software and today I can’t ev,complaint_feedback,complaint_feedback,True,0.8656911924094841,0.8761696246271292,0.6688764413026426,partially_supported,3.240496340848667,0.035304012984527185,AUTO_HANDLE,0.9,grounding_risk,0.0588260032461318
complaint_feedback_001,@AppleSupport WTF is this?? Ever since I updated my phone links to Safari won’t ,complaint_feedback,complaint_feedback,True,0.8568834430160452,0.5112621166158579,0.5206575884572264,partially_supported,3.170125407075298,0.006744836667728382,AUTO_HANDLE,0.9,grounding_risk,0.0516862091669321
complaint_feedback_002,i literally have a new problem w @118721 once a week like get ur shit together @,complaint_feedback,complaint_feedback,True,0.663007161427389,0.7398098325240937,0.6175113778104077,partially_supported,3.3159120988909887,0.0617384635025334,AUTO_HANDLE,0.9,grounding_risk,0.06543461587563335
complaint_feedback_003,@115858 can y’all get your shit together? i’m sick of going through a 2 week pro,complaint_feedback,complaint_feedback,True,0.769143810547843,0.757213334223567,0.5573656632791663,supported,4.9444175076617025,0.05081644380779638,AUTO_HANDLE,0.9,none,0.012704110951949095
complaint_feedback_004,"Right on cue, my iphone7 battery starts draining faster and faster. I swear @115",complaint_feedback,complaint_feedback,True,0.5741229089238762,0.3974114136313619,0.45836169901203094,supported,4.488586868846545,0.04796157381376446,AUTO_HANDLE,0.9,weak_retrieval,0.11199039345344113
complaint_feedback_005,Hey #iphone  @AppleSupport When Will the new Iphone 📱 update be available? I am ,complaint_feedback,complaint_feedback,True,0.6913854710890839,0.9095406918934842,0.6622303440216588,supported,3.074838513796141,0.08247679508587735,AUTO_HANDLE,0.9,none,0.020619198771469338
complaint_feedback_006,.@AppleSupport ICYMI the podcast app sucks so bad now that people are giving up ,complaint_feedback,complaint_feedback,True,0.6602587089706925,0.913324788624474,0.6408502973032251,supported,3.7781528970702993,0.06711424880650682,AUTO_HANDLE,0.9,none,0.016778562201626705
complaint_feedback_007,@690156 @115858 @115890 I may have to. It sucks bc I am 100% Apple girl all the ,complaint_feedback,complaint_feedback,True,0.8342849876056831,0.3665874829098795,0.44393460757573405,supported,3.5820236782673263,0.07452196992153348,AUTO_HANDLE,0.9,weak_retrieval,0.11863049248038338
complaint_feedback_008,@AppleSupport battery life on iPhone 7 after the update to iOS 11.1.1 sucks big ,complaint_feedback,complaint_feedback,True,0.5710337105917836,0.8800661157427139,0.632970083387391,insufficient,2.643472030923956,0.10206607732669327,AUTO_HANDLE,0.9,grounding_risk,0.15051651933167332
complaint_feedback_009,I️ am so over this @115858 iPhone glitch with the “I️” not showing up properly. ,complaint_feedback,complaint_feedback,True,0.615103715541777,0.5040462551619428,0.3833348522280144,supported,4.061188984799922,0.2856003533819585,AUTO_HANDLE,0.9,unsupported_claims,0.07140008834548962
complaint_feedback_010,i’m sick and tired of seeing an exclamation point everywhere. figure it out and ,complaint_feedback,complaint_feedback,True,0.8487587083813135,0.49192442624330546,0.3815407538079274,partially_supported,4.534765763242076,0.02276890838919424,AUTO_HANDLE,0.9,"weak_retrieval,grounding_risk",0.15569222709729857
complaint_feedback_011,Just updated my apple sortware on my phone..... instant regret. This is terrible,complaint_feedback,complaint_feedback,True,0.7676901400410457,0.8237461657586321,0.6852948222535558,partially_supported,2.8454129623713365,0.14005942181240147,AUTO_HANDLE,0.9,grounding_risk,0.08501485545310036
complaint_feedback_012,Ok what the fuck is this new thing that “it” autocorrects to “I.t” @115858 I’m s,complaint_feedback,complaint_feedback,True,0.8435376415639854,0.5292819828651989,0.5456336581141396,supported,4.698665868157697,0.16891307452038976,AUTO_HANDLE,0.9,none,0.04222826863009744
complaint_feedback_013,@115858 FIX THIS GLITCH. I️ AM SO SICK OF NOT BEING ABLE TO USE THE LETTER i!!!!,complaint_feedback,complaint_feedback,True,0.8870924644888694,0.5000153571385969,0.5057464886341745,partially_supported,2.9617618738271534,0.23272468859435785,AUTO_HANDLE,0.9,"grounding_risk,unsupported_claims",0.10818117214858947
complaint_feedback_014,@AppleSupport Spotlight in iOS 10 was fantastic and a great app launcher; so why,complaint_feedback,complaint_feedback,True,0.7094418496994381,0.6959969998560704,0.5250865850926308,supported,2.637951214372899,0.24166884439733596,AUTO_HANDLE,0.9,unsupported_claims,0.06041721109933399
complaint_feedback_015,Hate my phone constantly restarting like @115858 @AppleSupport,complaint_feedback,complaint_feedback,True,0.7611013989506855,0.38669065476677134,0.4121236801949523,partially_supported,4.355120400970658,0.1004109823488026,AUTO_HANDLE,0.9,"weak_retrieval,grounding_risk",0.17510274558720068
complaint_feedback_016,@116333 Thats terrible. I can’t upload photos on Instagram anymore. My son can’t,complaint_feedback,complaint_feedback,True,0.7804641097818485,0.7143961443471314,0.4507303839998344,supported,3.010622581961943,0.00440822895576175,AUTO_HANDLE,0.9,none,0.0011020572389404376
complaint_feedback_017,"Dear @115858 &amp; @AppleSupport 

When can we expect this 
I = I️ and I = I️t p",complaint_feedback,complaint_feedback,True,0.7020277304939697,0.6646774353452334,0.44315689273327424,insufficient,3.8332631785517686,0.20601307902971328,AUTO_HANDLE,0.9,"grounding_risk,unsupported_claims",0.1765032697574283
complaint_feedback_018,@AppleSupport I have an old itunes -hubby uses-account and a new-I use- family s,complaint_feedback,complaint_feedback,True,0.6091379166265906,0.6420887543408791,0.6620044711683952,supported,3.8758394037432287,0.13920922254343265,AUTO_HANDLE,0.9,none,0.03480230563585816
complaint_feedback_019,@115858 @AppleSupport  It’s incredible that after the upgrade of IOS the battery,complaint_feedback,complaint_feedback,True,0.5936686697127014,0.4667758278435756,0.441678164088192,partially_supported,2.672031898644131,0.2110637120941502,ASSIST_AND_ESCALATE,0.7,"weak_retrieval,grounding_risk,unsupported_claims",0.20276592802353757
complaint_feedback_020,@AppleSupport And my I️s keep changing to that stupid symbol I️ hate my life!!!,complaint_feedback,complaint_feedback,True,0.532145102003761,0.3856328889323025,0.3084950810046981,partially_supported,3.6116674570225453,0.07275528885883577,AUTO_HANDLE,0.9,"weak_retrieval,grounding_risk",0.16818882221470896
complaint_feedback_021,"Welp 11.1.1 broke my phone again. Thanks @AppleSupport  Droid sucks, apple has t",complaint_feedback,complaint_feedback,True,0.577163248606052,0.3544758072763121,0.36816896168738183,supported,3.825490883720821,0.08416292943602724,AUTO_HANDLE,0.9,weak_retrieval,0.12104073235900681
complaint_feedback_022,Really @115858 ? Over a month after the reales of the IPhone 8 and we still have,complaint_feedback,complaint_feedback,True,0.7180371879472733,0.6527841230458103,0.632052213910053,supported,3.9450790320110825,0.031168316599428092,AUTO_HANDLE,0.9,none,0.007792079149857023
complaint_feedback_023,@170467 @115858 like seriously. I️ can’t keep dealing with this I️ hate my I️ ph,complaint_feedback,complaint_feedback,True,0.7773954954517772,0.5630121383873293,0.4892593588527197,supported,2.8870442644726584,0.2542038369402621,AUTO_HANDLE,0.9,unsupported_claims,0.06355095923506553
complaint_feedback_024,@115858 every time I type a capital “I” it shows up funny. This update that chan,complaint_feedback,complaint_feedback,True,0.6796691468389017,0.4770001394075945,0.4080145320825364,partially_supported,2.7842402034702647,0.29029273485465973,ASSIST_AND_ESCALATE,0.7,"weak_retrieval,grounding_risk,unsupported_claims",0.22257318371366497
other_unclear_000,@AppleSupport can you tell me why my groups are disappearing? https://t.co/aGVsX,other_unclear,other_unclear,True,0.5752830040271651,0.881865362231277,0.5687452159086747,partially_supported,4.451589098214302,0.15654785045369934,AUTO_HANDLE,0.9,grounding_risk,0.08913696261342484
other_unclear_001,"Also, @115858 please fix this glitch. It looks like I’m coding but really just t",other_unclear,other_unclear,True,0.8809817153842529,0.553008024227036,0.41508829200697184,supported,3.951520233729065,0.13354439734139847,AUTO_HANDLE,0.9,none,0.03338609933534962
other_unclear_002,@AppleSupport só queria que minhas notificações voltassem a aparecer normalmente,other_unclear,other_unclear,True,0.5691564907987509,0.7769681185924603,0.6208557392802623,partially_supported,4.792107121411146,0.17767133608410526,AUTO_HANDLE,0.9,grounding_risk,0.09441783402102633
other_unclear_003,@AppleSupport faudrait peut être que je reçois le nouveau avant ? https://t.co/H,other_unclear,other_unclear,True,0.9120210000486975,0.6679033295938832,0.6676682051872994,supported,4.166398164639016,0.06320398076434638,AUTO_HANDLE,0.9,none,0.015800995191086596
other_unclear_004,@AppleSupport yes,other_unclear,other_unclear,True,0.8474146919087866,0.872069889752097,0.5574811727691191,partially_supported,4.323248994555136,0.006392932769564796,AUTO_HANDLE,0.9,grounding_risk,0.0515982331923912
other_unclear_005,@AppleSupport It’s literally touching https://t.co/IFQnnCVp9s,other_unclear,other_unclear,True,0.574187551519858,0.413575656681589,0.3795131490295242,supported,4.84216627219723,0.13822293291806,AUTO_HANDLE,0.9,weak_retrieval,0.134555733229515
other_unclear_006,"@AppleSupport Hey, how come when I got up I found my iPhone (7 plus) look like t",other_unclear,other_unclear,True,0.5427392144975683,0.5242464513031657,0.43534997639101763,insufficient,4.632144116724442,0.019770028138403995,AUTO_HANDLE,0.9,grounding_risk,0.129942507034601
other_unclear_007,@AppleSupport The graphics card on our 2009 model has gone out. Need to buy new ,other_unclear,other_unclear,True,0.9208228279543496,0.5936658588337835,0.5284611181393021,supported,4.229649724394067,0.22803404274801634,AUTO_HANDLE,0.9,unsupported_claims,0.057008510687004084
other_unclear_008,That new @115858 #iOS update came through!! No more freaky “I” issues or the nee,other_unclear,other_unclear,True,0.7510217171651352,0.5214497663989837,0.4310761554138464,supported,4.281469404392198,0.28839997265679196,AUTO_HANDLE,0.9,unsupported_claims,0.07209999316419799
other_unclear_009,"Dear @115858, how long will you still ignore me and all those people out there c",other_unclear,other_unclear,True,0.881717834452125,0.6493206329832087,0.4802339719646431,partially_supported,4.696651427826778,0.04042414466849905,AUTO_HANDLE,0.9,grounding_risk,0.06010603616712477
other_unclear_010,"@AppleSupport Restarting didn't help, but connecting to iTunes did. Now on iOS 1",other_unclear,other_unclear,True,0.5325113483625417,0.6925296454026919,0.5752255927905726,supported,3.8922519910527997,0.07754327431738518,AUTO_HANDLE,0.9,none,0.019385818579346296
other_unclear_011,@AppleSupport fix ya shit I’m tired of saying I️,other_unclear,other_unclear,True,0.595770705043818,0.9256686827859475,0.7361713175168338,supported,3.9886375225413495,0.07905861943899291,AUTO_HANDLE,0.9,none,0.019764654859748227
other_unclear_012,@AppleSupport Received this today. The wrong time sparked concern about a possib,other_unclear,other_unclear,True,0.9142396978577216,0.38426438084500036,0.4492140307729093,partially_supported,2.6719529594320006,0.2481565268096227,ASSIST_AND_ESCALATE,0.7,"weak_retrieval,grounding_risk,unsupported_claims",0.21203913170240568
other_unclear_013,Hey @115858 @AppleSupport please explain how/why my phone now goes from 100% to ,other_unclear,other_unclear,True,0.9202550054905496,0.4421938336161493,0.45924547575001934,supported,2.827294288685918,0.011468509772342428,AUTO_HANDLE,0.9,weak_retrieval,0.10286712744308561
other_unclear_014,@AppleSupport I'm trying to get my money that somebody took off my account hacke,other_unclear,other_unclear,True,0.7621450330070249,0.5859605741727922,0.4174150263952001,insufficient,4.226922540274094,0.06189644047712106,AUTO_HANDLE,0.9,grounding_risk,0.14047411011928027
other_unclear_015,@AppleSupport thank u!,other_unclear,other_unclear,True,0.6189398151936414,0.755442763008481,0.6563231631259682,partially_supported,2.517222197280969,0.0618081607137627,AUTO_HANDLE,0.9,grounding_risk,0.06545204017844068
other_unclear_016,@AppleSupport My phones keyboard has started auto translating the letter I into ,other_unclear,other_unclear,True,0.8914957305064489,0.3824688935964021,0.47817158315317476,supported,4.126000586804295,0.16322748771013332,AUTO_HANDLE,0.9,weak_retrieval,0.14080687192753333
other_unclear_017,@AppleSupport I am using 11.1.1,other_unclear,other_unclear,True,0.6602195201759001,0.7735951706960273,0.5742615480073134,supported,3.7509211209780995,0.10513895763075522,AUTO_HANDLE,0.9,none,0.026284739407688804
other_unclear_018,@AppleSupport IOS 11.2,other_unclear,other_unclear,True,0.8821258892346342,0.5556585957187327,0.3980451730659464,insufficient,3.049323944931658,0.1868897710491126,AUTO_HANDLE,0.9,grounding_risk,0.17172244276227816
other_unclear_019,@AppleSupport is it customary to have a phone sent in and have a refurbished pho,other_unclear,other_unclear,True,0.6245447000665802,0.5956756152124479,0.46955513754705464,supported,4.461915857395227,0.2784762614314263,AUTO_HANDLE,0.9,unsupported_claims,0.06961906535785657
other_unclear_020,my phone keeps going crazy wtf @115858,other_unclear,other_unclear,True,0.5802689331008339,0.579642961363529,0.4422032209347857,supported,2.511437989706966,0.21799971023212733,AUTO_HANDLE,0.9,unsupported_claims,0.05449992755803183
other_unclear_021,@AppleSupport So when I switched to my Apple Watch. The left AirPod worked. I gr,other_unclear,other_unclear,True,0.9452491969167034,0.5777141826607473,0.6051528058719584,supported,2.674608911298953,0.04703519573288062,AUTO_HANDLE,0.9,none,0.011758798933220155
other_unclear_022,@AppleSupport @115858 will you be fixing this annoying issue with the keyboard a,other_unclear,other_unclear,True,0.5480010586342084,0.6798030397484034,0.5970503542899315,supported,4.9883826034019005,0.2094984325665492,AUTO_HANDLE,0.9,unsupported_claims,0.0523746081416373
other_unclear_023,"@AppleSupport MKQC2LL/A + v11.1.1 (15B150). I also have 21gb of 64gb available, ",other_unclear,other_unclear,True,0.5671808743659987,0.8478778400884529,0.7154688724922393,supported,4.461733892175728,0.22971917124955837,AUTO_HANDLE,0.9,unsupported_claims,0.05742979281238959
other_unclear_024,Dear @AppleSupport why do you make it hard to get a Genius Bar appt? I have a cr,other_unclear,other_unclear,True,0.8358967457224338,0.450734317268349,0.4512792714969645,supported,2.5467620702869413,0.05043664257367002,AUTO_HANDLE,0.9,weak_retrieval,0.11260916064341751
